<!--  
Trigger attributes:

  All:
    optional RaidID="int" (raidconfig), default -1 means any
    required MaxProgress="int"

    
 
  ComboPerBattle:
  ComboPerSeason:
    required Length="int" 

  RaidPlacePerSeason:
    optional Place="int", default 1 (какое место нужно занять)

  StylePerBattle:
  StylePerSeason:
    required Style="int" (0-5)

  CritPerBattle:
  CritPerSeason:
  DamagePerBattle:
  DamagePerRound:
  DamagePerSeason:
  RaidWinPerSeason:
  SurvivePerBattle:
  SurvivePerSeason:
    no additional attributes
    
 HitsPerBattle
  HitsPerSeason
    required DamageType="MagicDamage|RangedDamage|RaidChargeDamage|ThrowDamage"
    
    
  ex: <Trigger Type="HitsPerBattle" DamageType="MagicDamage" MaxProgress="1"/>
  1 раз подамажить магией за рейд
-->

<!-- Обновление дейлика и кнопки обновления в секундах -->
<Quests NewQuestAfterFinishedPeriod="72000" RenewPeriod="72000" CdMinTime="3600" CdCost="1">

<!-- DamagePerRound - урон за раунд -->
    <Quest Id="1" Name="DamagePerRound400" Text="DailyTskRoundDmg" Group="RoundDMG">
        <Conditions>
            <Condition Type="EqualGreater" Name="Dan" Value="1"/>           
        </Conditions>
        <Trigger Type="DamagePerRound" MaxProgress="400"/>
        <Reward LootContainerName="MinorQuestReward"/>
    </Quest>
    
    <Quest Id="2" Name="DamagePerRound750" Text="DailyTskRoundDmg" Group="RoundDMG">
        <Conditions>
            <Condition Type="EqualGreater" Name="Dan" Value="1"/>           
        </Conditions>
        <Trigger Type="DamagePerRound" MaxProgress="750"/>
        <Reward LootContainerName="MediumQuestReward2"/>
    </Quest>  
    
    <Quest Id="9" Name="DamagePerRound1000" Text="DailyTskRoundDmg" Group="RoundDMG">
        <Conditions>
            <Condition Type="EqualGreater" Name="Dan" Value="1"/>           
        </Conditions>
        <Trigger Type="DamagePerRound" MaxProgress="1000"/>
        <Reward LootContainerName="MajorQuestReward2"/> 
    </Quest>  


<!-- DamagePerBattle - урон за рейд -->    
    <Quest Id="3" Name="DamagePerBattle1100" Text="DailyTskBattleDmg" Group="RaidDMG">
        <Conditions>
            <Condition Type="EqualGreater" Name="Dan" Value="1"/>           
        </Conditions>
        <Trigger Type="DamagePerBattle" MaxProgress="1100"/>
        <Reward LootContainerName="MinorQuestReward"/>
    </Quest>
    
    <Quest Id="4" Name="DamagePerBattle2200" Text="DailyTskBattleDmg" Group="RaidDMG">
        <Conditions>
            <Condition Type="EqualGreater" Name="Dan" Value="1"/>           
        </Conditions>
        <Trigger Type="DamagePerBattle" MaxProgress="2200"/>
        <Reward LootContainerName="MediumQuestReward2"/>
    </Quest>
    
    <Quest Id="10" Name="DamagePerBattle3300" Text="DailyTskBattleDmg" Group="RaidDMG">
        <Conditions>
            <Condition Type="EqualGreater" Name="Dan" Value="1"/>           
        </Conditions>
        <Trigger Type="DamagePerBattle" MaxProgress="3300"/>
        <Reward LootContainerName="MajorQuestReward2"/>
    </Quest>

    
<!-- DamagePerSeason - урон за сезон -->
    <Quest Id="5" Name="DamagePerSeason7000" Text="DailyTskSeasonDmg" Group="SeasonDMG">
        <Conditions>
            <Condition Type="EqualGreater" Name="Dan" Value="1"/>           
        </Conditions>
        <Trigger Type="DamagePerSeason" MaxProgress="7000"/>
        <Reward LootContainerName="MajorQuestReward"/>
    </Quest>
    
    <Quest Id="19" Name="DamagePerSeason3000" Text="DailyTskSeasonDmg" Group="SeasonDMG">
        <Conditions>
            <Condition Type="EqualGreater" Name="Dan" Value="1"/>           
        </Conditions>
        <Trigger Type="DamagePerSeason" MaxProgress="3000"/>
        <Reward LootContainerName="MediumQuestReward2"/>
    </Quest>
      
    
<!-- RaidWinPerSeason - выиграть любые рейды за сезон -->
    <Quest Id="6" Name="RaidWinPerSeason1" Text="DailyTskSeasonRaidWin" Group="SeasonWin">
        <Conditions>
            <Condition Type="EqualGreater" Name="Dan" Value="1"/>           
        </Conditions>
        <Trigger Type="RaidWinPerSeason" MaxProgress="1"/>
        <Reward LootContainerName="MinorQuestReward"/>
    </Quest>
    
    <Quest Id="7" Name="RaidWinPerSeason3" Text="DailyTskSeasonRaidWin" Group="SeasonWin">
        <Conditions>
            <Condition Type="EqualGreater" Name="Dan" Value="1"/>           
        </Conditions>
        <Trigger Type="RaidWinPerSeason" MaxProgress="3"/>
        <Reward LootContainerName="MinorQuestReward2"/>
    </Quest>
    

<!-- RaidPlacePerSeason указанное место за сезон  -->   
    <Quest Id="8" Name="RaidPlacePerSeason5" Text="DailyTskSeasonPlace" Group="Season1Place">
        <Conditions>
            <Condition Type="EqualGreater" Name="Dan" Value="1"/>           
        </Conditions>
        <Trigger Type="RaidPlacePerSeason" Place="1" MaxProgress="5"/>
        <Reward LootContainerName="MinorQuestReward3"/>
    </Quest>

    <Quest Id="13" Name="RaidPlacePerSeason1" Text="DailyTskSeasonPlace" Group="Season1Place">
        <Conditions>
            <Condition Type="EqualGreater" Name="Dan" Value="1"/>           
        </Conditions>
        <Trigger Type="RaidPlacePerSeason" Place="1" MaxProgress="1"/>
        <Reward LootContainerName="MinorQuestReward2"/>
    </Quest>
    

<!-- ComboPerBattle комбо за рейд  -->   
    <Quest Id="11" Name="ComboPerBattle5" Text="DailyTskCombo" Group="BattleCombo">
        <Conditions>
            <Condition Type="EqualGreater" Name="Dan" Value="1"/>           
        </Conditions>
        <Trigger Type="ComboPerBattle" Length="5" MaxProgress="1"/>
        <Reward LootContainerName="MinorQuestReward2"/>
    </Quest> 
    
    <Quest Id="12" Name="ComboPerBattle8" Text="DailyTskCombo" Group="BattleCombo">
        <Conditions>
            <Condition Type="EqualGreater" Name="Dan" Value="1"/>           
        </Conditions>
        <Trigger Type="ComboPerBattle" Length="8" MaxProgress="1"/>
        <Reward LootContainerName="MajorQuestReward"/>
    </Quest> 
    
    
<!-- StylePerBattle стиль за рейд  -->   
    <Quest Id="14" Name="StylePerBattle" Text="DailyTskStyle" Group="BattleStyle">
        <Conditions>
            <Condition Type="EqualGreater" Name="Dan" Value="1"/>           
        </Conditions>
        <Trigger Type="StylePerBattle" Style="3" MaxProgress="1"/>
        <Reward LootContainerName="MediumQuestReward"/>
    </Quest> 
    
    <Quest Id="20" Name="StylePerBattle" Text="DailyTskStyle" Group="BattleStyle">
        <Conditions>
            <Condition Type="EqualGreater" Name="Dan" Value="1"/>           
        </Conditions>
        <Trigger Type="StylePerBattle" Style="2" MaxProgress="1"/>
        <Reward LootContainerName="MinorQuestReward2"/>
    </Quest>
    
    
<!-- CritPerBattle крит за рейд  -->   
    <Quest Id="15" Name="CritPerBattle" Text="DailyTskCrit" Group="CritPerBattle">
        <Conditions>
            <Condition Type="EqualGreater" Name="Dan" Value="1"/>           
        </Conditions>
        <Trigger Type="CritPerBattle" MaxProgress="3"/>
        <Reward LootContainerName="MinorQuestReward"/>
    </Quest>     
        
    <Quest Id="16" Name="CritPerBattle" Text="DailyTskCrit" Group="CritPerBattle">
        <Conditions>
            <Condition Type="EqualGreater" Name="Dan" Value="1"/>           
        </Conditions>
        <Trigger Type="CritPerBattle" MaxProgress="9"/>
        <Reward LootContainerName="MediumQuestReward"/>
    </Quest> 

    
<!-- SurvivePerBattle выжить за рейд  -->   
    <Quest Id="17" Name="SurvivePerBattle3" Text="DailyTskSurvive" Group="SurvivePerBattle">
        <Conditions>
            <Condition Type="EqualGreater" Name="Dan" Value="1"/>           
        </Conditions>
        <Trigger Type="SurvivePerBattle" MaxProgress="3"/>
        <Reward LootContainerName="MinorQuestReward3"/>
    </Quest>  

    <Quest Id="18" Name="SurvivePerBattle1" Text="DailyTskSurvive" Group="SurvivePerBattle">
        <Conditions>
            <Condition Type="EqualGreater" Name="Dan" Value="1"/>           
        </Conditions>
        <Trigger Type="SurvivePerBattle" MaxProgress="1"/>
        <Reward LootContainerName="MinorQuestReward"/>
    </Quest>     
    
       <!--Hits Dailies-->
   
   <!-- MagicDamage - урон за бой -->
   <Quest Id="21" Name="MagicHitsPerBattleEasy" Text="DailyTskBattleMagicHits" Group="MagicHits">
        <Conditions>
            <Condition Type="EqualGreater" Name="Dan" Value="3"/>           
        </Conditions>
        <Trigger Type="HitsPerBattle" DamageType="MagicDamage" MaxProgress="3"/>
        <Reward LootContainerName="MinorQuestReward"/> 
    </Quest>
	
   <Quest Id="22" Name="MagicHitsPerBattleNorm" Text="DailyTskBattleMagicHits" Group="MagicHits">
        <Conditions>
            <Condition Type="EqualGreater" Name="Dan" Value="3"/>           
        </Conditions>
        <Trigger Type="HitsPerBattle" DamageType="MagicDamage" MaxProgress="6"/>
        <Reward LootContainerName="MinorQuestReward2"/> 
    </Quest>	
	
   <Quest Id="23" Name="MagicHitsPerBattleHard" Text="DailyTskBattleMagicHits" Group="MagicHits">
        <Conditions>
            <Condition Type="EqualGreater" Name="Dan" Value="3"/>           
        </Conditions>
        <Trigger Type="HitsPerBattle" DamageType="MagicDamage" MaxProgress="9"/>
        <Reward LootContainerName="MinorQuestReward3"/> 
    </Quest>	
	
	<!-- MagicDamage - урон за сезон -->
   <Quest Id="24" Name="MagicHitsPerSeasonEasy" Text="DailyTskSeasonMagicHits" Group="MagicHits">
        <Conditions>
            <Condition Type="EqualGreater" Name="Dan" Value="3"/>           
        </Conditions>
        <Trigger Type="HitsPerSeason" DamageType="MagicDamage" MaxProgress="10"/>
        <Reward LootContainerName="MinorQuestReward2"/> 
    </Quest>
	
   <Quest Id="25" Name="MagicHitsPerSeasonNorm" Text="DailyTskSeasonMagicHits" Group="MagicHits">
        <Conditions>
            <Condition Type="EqualGreater" Name="Dan" Value="3"/>           
        </Conditions>
        <Trigger Type="HitsPerSeason" DamageType="MagicDamage" MaxProgress="30"/>
        <Reward LootContainerName="MediumQuestReward"/> 
    </Quest>	
	
   <Quest Id="26" Name="MagicHitsPerSeasonHard" Text="DailyTskSeasonMagicHits" Group="MagicHits">
        <Conditions>
            <Condition Type="EqualGreater" Name="Dan" Value="3"/>           
        </Conditions>
        <Trigger Type="HitsPerSeason" DamageType="MagicDamage" MaxProgress="45"/>
        <Reward LootContainerName="MediumQuestReward2"/> 
    </Quest>		

	
   <!-- RangedDamage - урон за бой -->  
    <Quest Id="27" Name="RangedDamagePerBattleEasy" Text="DailyTskBattleRangedHits" Group="RangedHits">
        <Conditions>
            <Condition Type="EqualGreater" Name="Dan" Value="2"/>           
        </Conditions>
        <Trigger Type="HitsPerBattle" DamageType="RangedDamage" MaxProgress="5"/>
        <Reward LootContainerName="MinorQuestReward"/> 
    </Quest>
    
    <Quest Id="28" Name="RangedDamagePerBattleNorm" Text="DailyTskBattleRangedHits" Group="RangedHits">
        <Conditions>
            <Condition Type="EqualGreater" Name="Dan" Value="2"/>           
        </Conditions>
        <Trigger Type="HitsPerBattle" DamageType="RangedDamage" MaxProgress="10"/>
        <Reward LootContainerName="MinorQuestReward2"/> 
    </Quest>	
	
	<Quest Id="29" Name="RangedDamagePerBattleHard" Text="DailyTskBattleRangedHits" Group="RangedHits">
        <Conditions>
            <Condition Type="EqualGreater" Name="Dan" Value="2"/>           
        </Conditions>
        <Trigger Type="HitsPerBattle" DamageType="RangedDamage" MaxProgress="20"/>
        <Reward LootContainerName="MinorQuestReward3"/> 
    </Quest>
	
   <!-- RangedDamage - урон за сезон-->		
    <Quest Id="30" Name="RangedDamagePerSeasonEasy" Text="DailyTskSeasonRangedHits" Group="RangedHits">
        <Conditions>
            <Condition Type="EqualGreater" Name="Dan" Value="2"/>           
        </Conditions>
        <Trigger Type="HitsPerSeason" DamageType="RangedDamage" MaxProgress="20"/>
        <Reward LootContainerName="MinorQuestReward2"/> 
    </Quest>
    
    <Quest Id="31" Name="RangedDamagePerSeasonNorm" Text="DailyTskSeasonRangedHits" Group="RangedHits">
        <Conditions>
            <Condition Type="EqualGreater" Name="Dan" Value="2"/>           
        </Conditions>
        <Trigger Type="HitsPerSeason" DamageType="RangedDamage" MaxProgress="40"/>
        <Reward LootContainerName="MinorQuestReward3"/> 
    </Quest>	
	
	<Quest Id="32" Name="RangedDamagePerSeasonHard" Text="DailyTskSeasonRangedHits" Group="RangedHits">
        <Conditions>
            <Condition Type="EqualGreater" Name="Dan" Value="2"/>           
        </Conditions>
        <Trigger Type="HitsPerSeason" DamageType="RangedDamage" MaxProgress="60"/>
        <Reward LootContainerName="MediumQuestReward"/> 
    </Quest>

	
   <!-- ThrowDamage - урон за бой -->	
    <Quest Id="33" Name="ThrowDamagePerBattleEasy" Text="DailyTskBattleThrowHits" Group="ThrowHits">
        <Conditions>
            <Condition Type="EqualGreater" Name="Dan" Value="1"/>           
        </Conditions>
        <Trigger Type="HitsPerBattle" DamageType="ThrowDamage" MaxProgress="3"/>
        <Reward LootContainerName="MinorQuestReward2"/>
    </Quest>	
	
    <Quest Id="34" Name="ThrowDamagePerBattleNorm" Text="DailyTskBattleThrowHits" Group="ThrowHits">
        <Conditions>
            <Condition Type="EqualGreater" Name="Dan" Value="1"/>           
        </Conditions>
        <Trigger Type="HitsPerBattle" DamageType="ThrowDamage" MaxProgress="6"/>
        <Reward LootContainerName="MinorQuestReward3"/>
    </Quest>
	
    <Quest Id="35" Name="ThrowDamagePerBattleHard" Text="DailyTskBattleThrowHits" Group="ThrowHits">
        <Conditions>
            <Condition Type="EqualGreater" Name="Dan" Value="1"/>           
        </Conditions>
        <Trigger Type="HitsPerBattle" DamageType="ThrowDamage" MaxProgress="9"/>
        <Reward LootContainerName="MediumQuestReward"/>
    </Quest>	
	
   <!-- ThrowDamage - урон за сезон -->
    <Quest Id="36" Name="ThrowDamagePerSeasonEasy" Text="DailyTskSeasonThrowHits" Group="ThrowHits">
        <Conditions>
            <Condition Type="EqualGreater" Name="Dan" Value="1"/>           
        </Conditions>
        <Trigger Type="HitsPerSeason" DamageType="ThrowDamage" MaxProgress="15"/>
        <Reward LootContainerName="MinorQuestReward3"/>
    </Quest>	
	
    <Quest Id="37" Name="ThrowDamagePerSeasonNorm" Text="DailyTskSeasonThrowHits" Group="ThrowHits">
        <Conditions>
            <Condition Type="EqualGreater" Name="Dan" Value="1"/>           
        </Conditions>
        <Trigger Type="HitsPerSeason" DamageType="ThrowDamage" MaxProgress="30"/>
        <Reward LootContainerName="MediumQuestReward"/>
    </Quest>
	
    <Quest Id="38" Name="ThrowDamagePerSeasonHard" Text="DailyTskSeasonThrowHits" Group="ThrowHits">
        <Conditions>
            <Condition Type="EqualGreater" Name="Dan" Value="1"/>           
        </Conditions>
        <Trigger Type="HitsPerSeason" DamageType="ThrowDamage" MaxProgress="45"/>
        <Reward LootContainerName="MajorQuestReward2"/>
    </Quest>
	
	<!-- RaidChargeDamage - урон за бой -->
    <Quest Id="39" Name="ChargeDamagePerBattleEasy" Text="DailyTskBattleChargeHits" Group="ChargeHits">
        <Conditions>
            <Condition Type="EqualGreater" Name="Dan" Value="1"/>           
        </Conditions>
        <Trigger Type="HitsPerBattle" DamageType="RaidChargeDamage" MaxProgress="5"/>
        <Reward LootContainerName="MinorQuestReward3"/> 
    </Quest>

    <Quest Id="40" Name="ChargeDamagePerBattleNorm" Text="DailyTskBattleChargeHits" Group="ChargeHits">
        <Conditions>
            <Condition Type="EqualGreater" Name="Dan" Value="1"/>           
        </Conditions>
        <Trigger Type="HitsPerBattle" DamageType="RaidChargeDamage" MaxProgress="10"/>
        <Reward LootContainerName="MediumQuestReward2"/> 
    </Quest>
   
   <Quest Id="41" Name="ChargeDamagePerBattleHard" Text="DailyTskBattleChargeHits" Group="ChargeHits">
        <Conditions>
            <Condition Type="EqualGreater" Name="Dan" Value="1"/>           
        </Conditions>
        <Trigger Type="HitsPerBattle" DamageType="RaidChargeDamage" MaxProgress="15"/>
        <Reward LootContainerName="MajorQuestReward"/> 
    </Quest> 

	<!-- RaidChargeDamage - урон за сезон -->    
    <Quest Id="42" Name="ChargeDamagePerSeasonEasy" Text="DailyTskSeasonChargeHits" Group="ChargeHits">
        <Conditions>
            <Condition Type="EqualGreater" Name="Dan" Value="1"/>           
        </Conditions>
        <Trigger Type="HitsPerSeason" DamageType="RaidChargeDamage" MaxProgress="20"/>
        <Reward LootContainerName="HardQuestReward"/>
    </Quest>

    <Quest Id="43" Name="ChargeDamagePerSeasonNorm" Text="DailyTskSeasonChargeHits" Group="ChargeHits">
        <Conditions>
            <Condition Type="EqualGreater" Name="Dan" Value="1"/>           
        </Conditions>
        <Trigger Type="HitsPerSeason" DamageType="RaidChargeDamage" MaxProgress="40"/>
        <Reward LootContainerName="HardQuestReward2"/> 
    </Quest>
   
   <Quest Id="44" Name="ChargeDamagePerSeasonHard" Text="DailyTskSeasonChargeHits" Group="ChargeHits">
        <Conditions>
            <Condition Type="EqualGreater" Name="Dan" Value="1"/>           
        </Conditions>
        <Trigger Type="HitsPerSeason" DamageType="RaidChargeDamage" MaxProgress="60"/>
        <Reward LootContainerName="HardQuestReward3"/> 
    </Quest>
    
</Quests>