<?xml version="1.0" encoding="utf-8"?>
<ServerPerks>
  <Perk ID="0" Name="EndStanceClear" Status="IGNORE" GroupName="General"/>
  <Perk ID="1" Name="PERK_BEGINNER" Status="REJECT" GroupName="General"/>
  <Perk ID="2" Name="PERK_DOUBLE_SWEEP" Status="IGNORE" GroupName="General"/>
  <Perk ID="3" Name="PERK_HELM_BREAKER" Status="REJECT" GroupName="General"/>
  <Perk ID="4" Name="PERK_DOUBLE_JUMP_KICK" Status="IGNORE" GroupName="General"/>
  <Perk ID="5" Name="PERK_AVENGER" Status="REJECT" GroupName="General"/>
  <Perk ID="6" Name="PERK_DESPERATE" Status="REJECT" GroupName="General"/>
  <Perk ID="7" Name="PERK_ELBOW_STRIKE" Status="IGNORE" GroupName="General"/>
  <Perk ID="8" Name="PERK_MIRROR" Status="REJECT" GroupName="General"/>
  <Perk ID="9" Name="PERK_COBRA" Status="REJECT" GroupName="General"/>
  <Perk ID="10" Name="PERK_TWO_FOOT_JUMP_KICK" Status="IGNORE" GroupName="General"/>
  <Perk ID="11" Name="PERK_BLOCK_BREAKER" Status="REJECT" GroupName="General"/>
  <Perk ID="12" Name="PERK_FURIOUS" Status="REJECT" GroupName="General" />
  <Perk ID="13" Name="PERK_BACK_FLIP_KICK" Status="IGNORE" GroupName="General"/>
  <Perk ID="14" Name="PERK_PAIN_RAGE" Status="REJECT" GroupName="General"/>
  <Perk ID="15" Name="PERK_FULL_POWER" Status="REJECT" GroupName="General" />
  <Perk ID="16" Name="PERK_RICOCHET" Status="REJECT" GroupName="General" />
  <Perk ID="17" Name="PERK_STEEL_FOOT" Status="REJECT" GroupName="General" />
  <Perk ID="18" Name="PERK_SUPLEX" Status="IGNORE" GroupName="General" />
  <Perk ID="19" Name="PERK_OVERCHARGE" Status="REJECT" GroupName="General" />
  <Perk ID="20" Name="PERK_EAGLE_EYE" Status="REJECT" GroupName="General" />
  <Perk ID="21" Name="PERK_MARTIAL_SPIRIT" Status="REJECT" GroupName="General" />
  <Perk ID="22" Name="PERK_ROCK" Status="REJECT" GroupName="General" />
  <Perk ID="23" Name="PERK_CONCUSSION" Status="REJECT" GroupName="General" />
  <Perk ID="24" Name="PERK_ENLIGHTENMENT" Status="IGNORE" GroupName="General" />
  <Perk ID="25" Name="PERK_DISORIENTATION" Status="REJECT" GroupName="General" />
  <Perk ID="26" Name="PERK_ITEM_SPECIAL_CRITICAL_CHANCE" Status="IGNORE" GroupName="WeaponLegacy"/> <!-- Старый перк, нужно пересмотреть, брать его вообще или нет. Для софтлонча он не нужен-->
  <Perk ID="27" Name="PERK_ITEM_SPECIAL_LIFESTEAL" Status="IGNORE" GroupName="WeaponLegacy" />
  <Perk ID="28" Name="PERK_ITEM_SPECIAL_LIFESTEAL_WEAPON" Status="IGNORE" GroupName="Weapon" />
  <Perk ID="29" Name="PERK_ITEM_SPECIAL_LIFESTEAL_RANGED" Status="IGNORE" GroupName="Ranged" />
  <Perk ID="30" Name="PERK_ITEM_SPECIAL_LIFESTEAL_MAGIC" Status="IGNORE" GroupName="Magic" />
  <Perk ID="31" Name="PERK_ITEM_SPECIAL_BLEEDING" SingleUse="true" Status="ENABLE" MaxUses="3" AbsDamage="0.36" GroupName="WeaponLegacy" />
  <Perk ID="32" Name="PERK_ITEM_SPECIAL_BLEEDING_WEAPON" SingleUse="true" Status="ENABLE" MaxUses="3" AbsDamage="0.36" GroupName="Weapon" />
  <Perk ID="33" Name="PERK_ITEM_SPECIAL_BLEEDING_RANGED" SingleUse="true" Status="ENABLE" MaxUses="3" AbsDamage="0.36" GroupName="Ranged" />
  <Perk ID="34" Name="PERK_ITEM_SPECIAL_BLEEDING_MAGIC" SingleUse="true" Status="ENABLE" MaxUses="2" AbsDamage="0.20" GroupName="Magic" />
  <Perk ID="35" Name="PERK_ITEM_SPECIAL_INTOXICATION" SingleUse="true" Status="ENABLE" MaxUses="3" AbsDamage="0.6" GroupName="WeaponLegacy" />
  <Perk ID="36" Name="PERK_ITEM_SPECIAL_INTOXICATION_WEAPON" SingleUse="true" Status="ENABLE" MaxUses="3" AbsDamage="0.2" GroupName="Weapon" />
  <Perk ID="37" Name="PERK_ITEM_SPECIAL_INTOXICATION_RANGED" SingleUse="true" Status="ENABLE" MaxUses="3" AbsDamage="0.2" GroupName="Ranged" />
  <Perk ID="38" Name="PERK_ITEM_SPECIAL_INTOXICATION_MAGIC" SingleUse="true" Status="ENABLE" MaxUses="2" AbsDamage="0.6" GroupName="Magic" />
  <Perk ID="39" Name="PERK_ITEM_SPECIAL_SHIELDING" Status="IGNORE" GroupName="ArmorLegacy" />
  <Perk ID="40" Name="PERK_ITEM_SPECIAL_SHIELDING_HELM" Status="IGNORE" GroupName="Helm" />
  <Perk ID="41" Name="PERK_ITEM_SPECIAL_SHIELDING_ARMOR" Status="IGNORE" GroupName="Armor" />
  <Perk ID="42" Name="PERK_ITEM_SPECIAL_REGENERATION" Status="IGNORE" GroupName="ArmorLegacy" />
  <Perk ID="43" Name="PERK_ITEM_SPECIAL_REGENERATION_HELM" Status="IGNORE" GroupName="Helm" />
  <Perk ID="44" Name="PERK_ITEM_SPECIAL_REGENERATION_ARMOR" Status="IGNORE" GroupName="Armor" />
  <Perk ID="45" Name="PERK_ITEM_SPECIAL_REJUVENATION" Status="IGNORE" GroupName="ArmorLegacy" />
  <Perk ID="46" Name="PERK_ITEM_SPECIAL_REJUVENATION_HELM" Status="IGNORE" GroupName="Helm" />
  <Perk ID="47" Name="PERK_ITEM_SPECIAL_REJUVENATION_ARMOR" Status="IGNORE" GroupName="Armor" />
  <Perk ID="48" Name="PERK_ITEM_SPECIAL_DAMAGE_RETURN" SingleUse="true" Status="ENABLE" MaxUses="3" AbsDamage="0.55" GroupName="ArmorLegacy" />
  <Perk ID="49" Name="PERK_ITEM_SPECIAL_DAMAGE_RETURN_HELM" SingleUse="true" Status="ENABLE" MaxUses="3" AbsDamage="0.55" GroupName="Helm"/>
  <Perk ID="50" Name="PERK_ITEM_SPECIAL_DAMAGE_RETURN_ARMOR" SingleUse="true" Status="ENABLE" MaxUses="3" AbsDamage="0.55" GroupName="Armor"/>
  <Perk ID="51" Name="PERK_ITEM_SPECIAL_PRECISION" SingleUse="true" Status="ENABLE" MaxUses="2" DamageFactor="10000" CritAdditional="1" GroupName="WeaponLegacy"/>
  <Perk ID="52" Name="PERK_ITEM_SPECIAL_PRECISION_WEAPON" SingleUse="true" Status="ENABLE" MaxUses="2" DamageFactor="10000" CritAdditional="1" GroupName="Weapon"/><!--Enables crit!!!-->
  <Perk ID="53" Name="PERK_ITEM_SPECIAL_PRECISION_RANGED" SingleUse="true" Status="ENABLE" MaxUses="2" DamageFactor="10000" CritAdditional="1" GroupName="Ranged" />
  <Perk ID="54" Name="PERK_ITEM_SPECIAL_SHOCK" Status="REJECT" GroupName="General" />
  <Perk ID="55" Name="PERK_ITEM_SPECIAL_MAGIC_DAMAGE_RECHARGE" SingleUse="true" Status="ENABLE" MaxUses="2" GroupName="WeaponLegacy"/>
  <Perk ID="56" Name="PERK_ITEM_SPECIAL_MAGIC_DAMAGE_RECHARGE_WEAPON" SingleUse="true" Status="ENABLE" MaxUses="2" GroupName="Weapon"/>
  <Perk ID="57" Name="PERK_ITEM_SPECIAL_MAGIC_PAIN_RECHARGE" SingleUse="true" Status="ENABLE" MaxUses="2" GroupName="ArmorLegacy"/>
  <Perk ID="58" Name="PERK_ITEM_SPECIAL_MAGIC_PAIN_RECHARGE_HELM" SingleUse="true" Status="ENABLE" MaxUses="2" GroupName="Helm"/>
  <Perk ID="59" Name="PERK_ITEM_SPECIAL_MAGIC_PAIN_RECHARGE_ARMOR" SingleUse="true" Status="ENABLE" MaxUses="2" GroupName="Armor"/>
  <Perk ID="60" Name="PERK_ITEM_SPECIAL_CRITICAL_PROTECTION" Status="IGNORE" GroupName="ArmorLegacy" />
  <Perk ID="61" Name="PERK_ITEM_SPECIAL_CRITICAL_PROTECTION_HELM" Status="IGNORE" GroupName="Helm" />
  <Perk ID="62" Name="PERK_ITEM_SPECIAL_STUN" Status="REJECT" GroupName="WeaponLegacy" />
  <Perk ID="63" Name="PERK_ITEM_SPECIAL_STUN_WEAPON" SingleUse="true" Status="ENABLE" MaxUses="0" GroupName="Weapon" />
  <Perk ID="64" Name="PERK_ITEM_SPECIAL_STUN_RANGED" SingleUse="true" Status="ENABLE" MaxUses="0" GroupName="Ranged" />
  <Perk ID="65" Name="PERK_ITEM_SPECIAL_STUN_MAGIC" SingleUse="true" Status="ENABLE" MaxUses="0" GroupName="Magic" />
  <Perk ID="66" Name="PERK_ITEM_SPECIAL_FRENZY" SingleUse="false" Status="ENABLE" MaxUses="3" DamageFactor="13220" Frames="300" GroupName="WeaponLegacy" />
  <Perk ID="67" Name="PERK_ITEM_SPECIAL_FRENZY_WEAPON" SingleUse="false" Status="ENABLE" MaxUses="3" DamageFactor="13220" Frames="300" GroupName="Weapon" />
  <Perk ID="68" Name="PERK_ITEM_SPECIAL_FRENZY_RANGED" SingleUse="false" Status="ENABLE" MaxUses="3" DamageFactor="13220" Frames="300" GroupName="Ranged" />
  <Perk ID="69" Name="PERK_ITEM_SPECIAL_FRENZY_MAGIC" SingleUse="false" Status="ENABLE" MaxUses="2" DamageFactor="13220" Frames="300" GroupName="Magic" />
  <Perk ID="70" Name="PERK_ITEM_SPECIAL_FRENZY_DEFENSE" SingleUse="false" Status="ENABLE" MaxUses="3" DamageFactor="13220" Frames="300" GroupName="ArmorLegacy" />
  <Perk ID="71" Name="PERK_ITEM_SPECIAL_FRENZY_DEFENSE_HELM" SingleUse="false" Status="ENABLE" MaxUses="3" DamageFactor="13220" Frames="300" GroupName="Helm" />
  <Perk ID="72" Name="PERK_ITEM_SPECIAL_FRENZY_DEFENSE_ARMOR" SingleUse="false" Status="ENABLE" MaxUses="5" DamageFactor="13220" Frames="300" GroupName="Armor" />
  <Perk ID="73" Name="PERK_ITEM_SPECIAL_OVERHEAT" SingleUse="true" Status="ENABLE" MaxUses="2" DamageFactor="15850" GroupName="WeaponLegacy" />
  <Perk ID="74" Name="PERK_ITEM_SPECIAL_OVERHEAT_WEAPON" SingleUse="true" Status="ENABLE" MaxUses="3" DamageFactor="15850" GroupName="Weapon" />
  <Perk ID="75" Name="PERK_ITEM_SPECIAL_OVERHEAT_RANGED" SingleUse="true" Status="ENABLE" MaxUses="3" DamageFactor="15850" GroupName="Ranged" />
  <Perk ID="76" Name="PERK_ITEM_SPECIAL_OVERHEAT_MAGIC" SingleUse="true" Status="ENABLE" MaxUses="2" DamageFactor="15850" GroupName="Magic" />
  <Perk ID="77" Name="PERK_ITEM_SPECIAL_OVERHEAT_DEFENSE" SingleUse="true" Status="ENABLE" MaxUses="2" DamageFactor="15850" GroupName="ArmorLegacy" />
  <Perk ID="78" Name="PERK_ITEM_SPECIAL_OVERHEAT_DEFENSE_HELM" SingleUse="true" Status="ENABLE" MaxUses="2" DamageFactor="15850" GroupName="Helm" />
  <Perk ID="79" Name="PERK_ITEM_SPECIAL_OVERHEAT_DEFENSE_ARMOR" SingleUse="true" Status="ENABLE" MaxUses="2" DamageFactor="15850" GroupName="Armor" />
  <Perk ID="80" Name="PERK_ITEM_SPECIAL_TIME_BOMB" SingleUse="true" Status="ENABLE" MaxUses="2" DamageFactor="0" GroupName="WeaponLegacy" />
  <Perk ID="81" Name="PERK_ITEM_SPECIAL_TIME_BOMB_WEAPON" SingleUse="true" Status="ENABLE" MaxUses="2" DamageFactor="0" GroupName="Weapon" />
  <Perk ID="82" Name="PERK_ITEM_SPECIAL_TIME_BOMB_RANGED" SingleUse="true" Status="ENABLE" MaxUses="2" DamageFactor="0" GroupName="Ranged" />
  <Perk ID="83" Name="PERK_ITEM_SPECIAL_TIME_BOMB_MAGIC" SingleUse="true" Status="ENABLE" MaxUses="2" DamageFactor="0" GroupName="Magic" />
  <Perk ID="84" Name="PERK_ITEM_SPECIAL_ENFEEBLE" Status="IGNORE" GroupName="WeaponLegacy" />
  <Perk ID="85" Name="PERK_ITEM_SPECIAL_ENFEEBLE_WEAPON" Status="IGNORE" GroupName="Weapon" />
  <Perk ID="86" Name="PERK_ITEM_SPECIAL_ENFEEBLE_RANGED" Status="IGNORE" GroupName="Ranged" />
  <Perk ID="87" Name="PERK_ITEM_SPECIAL_ENFEEBLE_MAGIC" Status="IGNORE" GroupName="Magic" />
  <Perk ID="88" Name="PERK_ITEM_SPECIAL_WEAKNESS" Status="IGNORE" GroupName="WeaponLegacy" />
  <Perk ID="89" Name="PERK_ITEM_SPECIAL_WEAKNESS_WEAPON" Status="IGNORE" GroupName="Weapon" />
  <Perk ID="90" Name="PERK_ITEM_SPECIAL_WEAKNESS_RANGED" Status="IGNORE" GroupName="Ranged" />
  <Perk ID="91" Name="PERK_ITEM_SPECIAL_WEAKNESS_MAGIC" Status="IGNORE" GroupName="Magic" />
  <Perk ID="92" Name="PERK_ITEM_SPECIAL_DAMAGE_ABSORPTION_HEAD" Status="IGNORE" GroupName="Helm" />
  <Perk ID="93" Name="PERK_ITEM_SPECIAL_DAMAGE_ABSORPTION_HEAD_HELM" Status="IGNORE" GroupName="Helm" />
  <Perk ID="94" Name="PERK_ITEM_SPECIAL_DAMAGE_ABSORPTION_BODY" Status="IGNORE" GroupName="Armor" />
  <Perk ID="95" Name="PERK_ITEM_SPECIAL_DAMAGE_ABSORPTION_BODY_ARMOR" Status="IGNORE" GroupName="Armor" />
  <Perk ID="96" Name="PERK_ITEM_SPECIAL_BLOODRAGE" SingleUse="true" Status="ENABLE" MaxUses="3" DamageFactor="15850" GroupName="WeaponLegacy" />
  <Perk ID="97" Name="PERK_ITEM_SPECIAL_BLOODRAGE_WEAPON" SingleUse="true" Status="ENABLE" MaxUses="3" DamageFactor="15850" GroupName="Weapon" />
  <Perk ID="98" Name="PERK_ITEM_SPECIAL_BLOODRAGE_RANGED" SingleUse="true" Status="ENABLE" MaxUses="3" DamageFactor="15850" GroupName="Ranged" />
  <Perk ID="99" Name="PERK_ITEM_SPECIAL_BLOODRAGE_MAGIC" SingleUse="true" Status="ENABLE" MaxUses="2" DamageFactor="15850" GroupName="Magic" />
  <Perk ID="100" Name="PERK_ANTI_SHOCK" Status="REJECT" GroupName="General" />
  <Perk ID="101" Name="PERK_BOSS_HERMIT_MAGIC" Status="REJECT" GroupName="General" />
  <Perk ID="102" Name="PERK_BOSS_BUTCHER_BLEEDING" Status="REJECT" GroupName="General" />
  <Perk ID="103" Name="PERK_WEAPON_BLOCK_BREAKER" Status="REJECT" GroupName="General" />
  <Perk ID="104" Name="PERK_GREATER_GOOD_SHARPENING" Status="REJECT" GroupName="General" />
  <Perk ID="105" Name="PERK_BOSS_WASP_DAMAGE_RETURN" Status="REJECT" GroupName="General" />
  <Perk ID="106" Name="PERK_BOSS_WASP_REGENERATION" Status="REJECT" GroupName="General" />
  <Perk ID="107" Name="PERK_BOSS_WIDOW_LIFESTEAL" Status="REJECT" GroupName="General" />
  <Perk ID="108" Name="PERK_BOSS_WIDOW_SHIELDING" Status="REJECT" GroupName="General" />
  <Perk ID="109" Name="PERK_BOSS_SHOGUN_FRENZY" Status="REJECT" GroupName="General" />
  <Perk ID="110" Name="PERK_INVISIBILITY" Status="REJECT" GroupName="General" />
  <Perk ID="111" Name="PERK_BOSS_ABILITY" Status="REJECT" GroupName="General" />
  <Perk ID="112" Name="PERK_HERMITSTORM" Status="REJECT" GroupName="General" />
  <Perk ID="113" Name="PERK_EARTHQUAKE" Status="REJECT" GroupName="General" />
  <Perk ID="114" Name="PERK_WASPFLY" Status="REJECT" GroupName="General" />
  <Perk ID="115" Name="PERK_TELEPORTATION" Status="REJECT" GroupName="General" />
  <Perk ID="116" Name="PERK_ASSISTANTS" Status="REJECT" GroupName="General" />
  <Perk ID="117" Name="GREATER_RANGED_DAMAGE" Status="REJECT" GroupName="General" />
  <Perk ID="118" Name="GREATER_MAGIC_DAMAGE" Status="REJECT" GroupName="General" />
  <Perk ID="119" Name="PERK_MINE" Status="IGNORE" GroupName="General" />
  <Perk ID="120" Name="PERK_SHROUD_FALL" Status="REJECT" GroupName="General" />
  <Perk ID="121" Name="PERK_MINE_PLAYER" Status="IGNORE" GroupName="General" />
  <Perk ID="122" Name="PERK_SPHERE_COOLDOWN" Status="IGNORE" GroupName="General" />
  <Perk ID="123" Name="MindThrow" Status="REJECT" GroupName="General" />
  <Perk ID="124" Name="PERK_TITAN" Status="REJECT" GroupName="General" />
  <Perk ID="125" Name="PERK_TITAN_DEATH" Status="REJECT" GroupName="General" />
  <Perk ID="126" Name="PERK_TITANS_SHIELD" Status="REJECT" GroupName="General" />
  <Perk ID="127" Name="PERK_TRANSIENT_BLEEDING" Status="REJECT" GroupName="General" />
  <Perk ID="128" Name="PERK_TRANSIENT_REGENERATION" Status="REJECT" GroupName="General" />
  <Perk ID="129" Name="PERK_NO_THROWS" Status="REJECT" GroupName="General" />
  <Perk ID="130" Name="PERK_AREA_HEALTH_REGENERATION" Status="IGNORE" GroupName="General" />
  <Perk ID="131" Name="PERK_AREA_HEALTH_DEGENERATION" Status="IGNORE" GroupName="General" />
  <Perk ID="132" Name="PERK_AREA_VULNERABILITY" Status="REJECT" GroupName="General" />
  <Perk ID="133" Name="PERK_AREA_FRAGILITY" Status="REJECT" GroupName="General" />
  <Perk ID="134" Name="PERK_AREA_LOSE_ON_ANIMATION" Status="REJECT" GroupName="General" />
  <Perk ID="135" Name="PERK_RULE_EARTHQUAKE" Status="REJECT" GroupName="General" />
  <Perk ID="136" Name="PERK_RULE_THORNS" Status="REJECT" GroupName="General" />
  <Perk ID="137" Name="PERK_RULE_ENERGY_PILLAR" Status="REJECT" GroupName="General" />
  <Perk ID="138" Name="PERK_MONK_SET_WHIRL" SingleUse="true" Status="ENABLE" MaxUses="3" AdditionalDamage="0.5" GroupName="Combo"/>
  <Perk ID="139" Name="PERK_SENTINEL_SET_SUPER_RETURN" Status="REJECT" GroupName="Combo" />
  <Perk ID="140" Name="PERK_DRAGON_SET_STONE" Status="REJECT" GroupName="Combo" />
  <Perk ID="141" Name="PERK_HEAVEN_SET_BURN" Status="REJECT" GroupName="Combo" />
  <Perk ID="142" Name="PERK_RAT_WAVE" Status="REJECT" GroupName="General" />
  <Perk ID="143" Name="PERK_HOAXEN_TENTACLES" Status="REJECT" GroupName="General" />
  <Perk ID="144" Name="PERK_FIGHT_WITH_HOAXEN" Status="IGNORE" GroupName="General" />
  <Perk ID="145" Name="PERK_ICE_PINS" Status="REJECT" GroupName="General" />
  <PerkGroups>
    <PerkGroup Name="WeaponLegacy" MaxInstances="2"/>
    <PerkGroup Name="Weapon" MaxInstances="1"/>
    <PerkGroup Name="Ranged" MaxInstances="1"/>
    <PerkGroup Name="Magic" MaxInstances="1"/>
    <PerkGroup Name="ArmorLegacy" MaxInstances="2"/>
    <PerkGroup Name="Armor" MaxInstances="1"/>
    <PerkGroup Name="Helm" MaxInstances="1"/>
    <PerkGroup Name="Combo" MaxInstances="1"/>
    <PerkGroup Name="General" MaxInstances="9999"/>
  </PerkGroups>
</ServerPerks>
