<?xml version="1.0" encoding="utf-8"?>
<Achievements>
  <Achievement Name="ZONE_1|BOSS_LYNX|6" ID="0" BonusPrize="3" />
  <Achievement Name="ZONE_2|BOSS_HERMIT|6" ID="1" BonusPrize="3" />
  <Achievement Name="ZONE_3|BOSS_BUTCHER|6" ID="2" BonusPrize="3" />
  <Achievement Name="ZONE_4|BOSS_WASP|6" ID="3" BonusPrize="3" />
  <Achievement Name="ZONE_5|BOSS_HUNTRESS|6" ID="4" BonusPrize="3" />
  <Achievement Name="ZONE_6|BOSS_SAMURAI|6" ID="5" BonusPrize="3" />
  <Achievement Name="ZONE_7|BOSS_TITAN|6" ID="6" BonusPrize="3" />
  <Achievement Name="achievement_name_perfect_1" ID="7" BonusPrize="1" />
  <Achievement Name="achievement_name_perfect_2" ID="8" BonusPrize="1" />
  <Achievement Name="achievement_name_perfect_3" ID="9" BonusPrize="1" />
  <Achievement Name="achievement_name_perfect_eclipse_1" ID="10" BonusPrize="3" />
  <Achievement Name="achievement_name_firsthits_1" ID="11" BonusPrize="1" />
  <Achievement Name="achievement_name_firsthits_2" ID="12" BonusPrize="1" />
  <Achievement Name="achievement_name_firsthits_3" ID="13" BonusPrize="1" />
  <Achievement Name="achievement_name_maxcombo_1" ID="14" BonusPrize="1" />
  <Achievement Name="achievement_name_maxcombo_2" ID="15" BonusPrize="1" />
  <Achievement Name="achievement_name_maxcombo_3" ID="16" BonusPrize="1" />
  <Achievement Name="achievement_name_aggresive_1" ID="17" BonusPrize="1" />
  <Achievement Name="achievement_name_crazy_1" ID="18" BonusPrize="1" />
  <Achievement Name="achievement_name_fantastic_1" ID="19" BonusPrize="1" />
  <Achievement Name="achievement_name_headhitrounds_1" ID="20" BonusPrize="1" />
  <Achievement Name="achievement_name_headhitrounds_2" ID="21" BonusPrize="1" />
  <Achievement Name="achievement_name_headhitrounds_3" ID="22" BonusPrize="1" />
  <Achievement Name="achievement_name_disarm_1" ID="23" BonusPrize="1" />
  <Achievement Name="achievement_name_disarm_2" ID="24" BonusPrize="1" />
  <Achievement Name="achievement_name_disarm_3" ID="25" BonusPrize="1" />
  <Achievement Name="achievement_name_disarm_eclipse_1" ID="26" BonusPrize="3" />
  <Achievement Name="achievement_name_kickfights_1" ID="27" BonusPrize="1" />
  <Achievement Name="achievement_name_kickfights_2" ID="28" BonusPrize="1" />
  <Achievement Name="achievement_name_kickfights_3" ID="29" BonusPrize="1" />
  <Achievement Name="achievement_name_unarmed_1" ID="30" BonusPrize="1" />
  <Achievement Name="achievement_name_unarmed_2" ID="31" BonusPrize="1" />
  <Achievement Name="achievement_name_unarmed_3" ID="32" BonusPrize="1" />
  <Achievement Name="achievement_name_blockedrounds_1" ID="33" BonusPrize="1" />
  <Achievement Name="achievement_name_blockedrounds_2" ID="34" BonusPrize="1" />
  <Achievement Name="achievement_name_blockedrounds_3" ID="35" BonusPrize="1" />
  <Achievement Name="achievement_name_losses_1" ID="36" BonusPrize="1" />
  <Achievement Name="achievement_name_losses_2" ID="37" BonusPrize="1" />
  <Achievement Name="achievement_name_losses_3" ID="38" BonusPrize="1" />
  <Achievement Name="achievement_name_losses_eclipse_1" ID="39" BonusPrize="3" />
  <Achievement Name="achievement_name_barelyalive_1" ID="40" BonusPrize="1" />
  <Achievement Name="achievement_name_barelyalive_2" ID="41" BonusPrize="1" />
  <Achievement Name="achievement_name_barelyalive_3" ID="42" BonusPrize="1" />
  <Achievement Name="achievement_name_barelyalive_eclipse_1" ID="43" BonusPrize="3" />
  <Achievement Name="achievement_name_punchfights_1" ID="44" BonusPrize="1" />
  <Achievement Name="achievement_name_punchfights_2" ID="45" BonusPrize="1" />
  <Achievement Name="achievement_name_punchfights_3" ID="46" BonusPrize="1" />
  <Achievement Name="achievement_name_fastrounds_1" ID="47" BonusPrize="1" />
  <Achievement Name="achievement_name_fastrounds_2" ID="48" BonusPrize="1" />
  <Achievement Name="achievement_name_fastrounds_3" ID="49" BonusPrize="1" />
  <Achievement Name="achievement_name_longrounds_1" ID="50" BonusPrize="1" />
  <Achievement Name="achievement_name_longrounds_2" ID="51" BonusPrize="1" />
  <Achievement Name="achievement_name_longrounds_3" ID="52" BonusPrize="1" />
  <Achievement Name="achievement_name_longrounds_eclipse_1" ID="53" BonusPrize="3" />
  <Achievement Name="achievement_name_BossNoLose_1" ID="54" BonusPrize="1" />
  <Achievement Name="achievement_name_BossNoLose_2" ID="55" BonusPrize="1" />
  <Achievement Name="achievement_name_BossNoLose_3" ID="56" BonusPrize="1" />
  <Achievement Name="Achievement_Name_Bodyguards_1" ID="57" BonusPrize="1" />
  <Achievement Name="Achievement_Name_Bodyguards_2" ID="58" BonusPrize="1" />
  <Achievement Name="Achievement_Name_Bodyguards_3" ID="59" BonusPrize="1" />
  <Achievement Name="Achievement_Name_Bodyguards_4" ID="60" BonusPrize="1" />
  <Achievement Name="Achievement_Name_Bodyguards_5" ID="61" BonusPrize="1" />
  <Achievement Name="Achievement_Name_Bodyguards_6" ID="62" BonusPrize="1" />
  <Achievement Name="Achievement_Name_Boss_1" ID="63" BonusPrize="1" />
  <Achievement Name="Achievement_Name_Boss_2" ID="64" BonusPrize="1" />
  <Achievement Name="Achievement_Name_Boss_3" ID="65" BonusPrize="1" />
  <Achievement Name="Achievement_Name_Boss_4" ID="66" BonusPrize="1" />
  <Achievement Name="Achievement_Name_Boss_5" ID="67" BonusPrize="1" />
  <Achievement Name="Achievement_Name_Boss_6" ID="68" BonusPrize="1" />
  <Achievement Name="Achievement_Name_Boss_Rematch_1" ID="69" BonusPrize="1" />
  <Achievement Name="Achievement_Name_Boss_Rematch_2" ID="70" BonusPrize="1" />
  <Achievement Name="Achievement_Name_Boss_Rematch_3" ID="71" BonusPrize="1" />
  <Achievement Name="Achievement_Name_Boss_Rematch_4" ID="72" BonusPrize="1" />
  <Achievement Name="Achievement_Name_Boss_Rematch_5" ID="73" BonusPrize="1" />
  <Achievement Name="Achievement_Name_Boss_Rematch_6" ID="74" BonusPrize="1" />
  <Achievement Name="Achievement_Name_Tournaments_1" ID="75" BonusPrize="1" />
  <Achievement Name="Achievement_Name_Tournaments_2" ID="76" BonusPrize="1" />
  <Achievement Name="Achievement_Name_Tournaments_3" ID="77" BonusPrize="1" />
  <Achievement Name="Achievement_Name_Tournaments_4" ID="78" BonusPrize="1" />
  <Achievement Name="Achievement_Name_Tournaments_5" ID="79" BonusPrize="1" />
  <Achievement Name="Achievement_Name_Tournaments_6" ID="80" BonusPrize="1" />
  <Achievement Name="Achievement_Name_Challenges_1" ID="81" BonusPrize="1" />
  <Achievement Name="Achievement_Name_Challenges_2" ID="82" BonusPrize="1" />
  <Achievement Name="Achievement_Name_Challenges_3" ID="83" BonusPrize="1" />
  <Achievement Name="Achievement_Name_Challenges_4" ID="84" BonusPrize="1" />
  <Achievement Name="Achievement_Name_Challenges_5" ID="85" BonusPrize="1" />
  <Achievement Name="Achievement_Name_Challenges_6" ID="86" BonusPrize="1" />
  <Achievement Name="Achievement_Name_Zone_1_Rematch" ID="87" BonusPrize="1" />
  <Achievement Name="Achievement_Name_Zone_2_Rematch" ID="88" BonusPrize="1" />
  <Achievement Name="Achievement_Name_Zone_3_Rematch" ID="89" BonusPrize="1" />
  <Achievement Name="Achievement_Name_Zone_4_Rematch" ID="90" BonusPrize="1" />
  <Achievement Name="Achievement_Name_Zone_5_Rematch" ID="91" BonusPrize="1" />
  <Achievement Name="Achievement_Name_Zone_6_Rematch" ID="92" BonusPrize="1" />
  <Achievement Name="Achievement_Name_Survivals_1" ID="93" BonusPrize="1" />
  <Achievement Name="Achievement_Name_Survivals_2" ID="94" BonusPrize="1" />
  <Achievement Name="Achievement_Name_Survivals_3" ID="95" BonusPrize="1" />
  <Achievement Name="Achievement_Name_Survivals_4" ID="96" BonusPrize="1" />
  <Achievement Name="Achievement_Name_Survivals_5" ID="97" BonusPrize="1" />
  <Achievement Name="Achievement_Name_Survivals_6" ID="98" BonusPrize="1" />
  <Achievement Name="Achievement_Name_Survivals_Eclipse_1" ID="99" BonusPrize="3" />
  <Achievement Name="Achievement_Name_Survivals_Eclipse_2" ID="100" BonusPrize="3" />
  <Achievement Name="Achievement_Name_Survivals_Eclipse_3" ID="101" BonusPrize="3" />
  <Achievement Name="Achievement_Name_Survivals_Eclipse_4" ID="102" BonusPrize="3" />
  <Achievement Name="Achievement_Name_Survivals_Eclipse_5" ID="103" BonusPrize="3" />
  <Achievement Name="Achievement_Name_Survivals_Eclipse_6" ID="104" BonusPrize="3" />
  <Achievement Name="Achievement_Name_CloseGatesOfShadows" ID="105" BonusPrize="1" />
  <Achievement Name="Achievement_Name_Tournament_IM" ID="106" BonusPrize="1" />
  <Achievement Name="Achievement_Name_Challenges_IM" ID="107" BonusPrize="1" />
  <Achievement Name="Achievement_Name_GatesOfShadows" ID="108" BonusPrize="1" />
  <Achievement Name="Achievement_Name_Cypher" ID="109" BonusPrize="1" />
  <Achievement Name="Achievement_Name_Hyperion" ID="110" BonusPrize="1" />
  <Achievement Name="Achievement_Name_Surv_Factory" ID="111" BonusPrize="1" />
  <Achievement Name="Achievement_Name_Tourn_Hideout" ID="112" BonusPrize="1" />
  <Achievement Name="Achievement_Name_Ancient" ID="113" BonusPrize="1" />
  <Achievement Name="Achievement_Name_Chlng_Forest" ID="114" BonusPrize="1" />
  <Achievement Name="Achievement_Name_Tourn_Eggs" ID="115" BonusPrize="1" />
  <Achievement Name="Achievement_Name_Shroud" ID="116" BonusPrize="1" />
  <Achievement Name="Achievement_Name_Surv_Eggs" ID="117" BonusPrize="1" />
  <Achievement Name="Achievement_Name_Chlng_Ship" ID="118" BonusPrize="1" />
  <Achievement Name="Achievement_Name_Tourn_Forest" ID="119" BonusPrize="1" />
  <Achievement Name="Achievement_Name_Profi" ID="120" BonusPrize="1" />
  <Achievement Name="Achievement_Name_Hard" ID="121" BonusPrize="1" />
  <Achievement Name="Achievement_Name_Insane" ID="122" BonusPrize="1" />
  <Achievement Name="Achievement_Name_Impossible" ID="123" BonusPrize="1" />
  <Achievement Name="Achievement_Name_Justice" ID="124" BonusPrize="1" />
  <Achievement Name="Achievement_Name_Titan" ID="125" BonusPrize="1" />
  <Achievement Name="Achievement_Name_Justice_Eclipse" ID="126" BonusPrize="1" />
  <Achievement Name="Achievement_Name_Titan_Eclipse" ID="127" BonusPrize="1" />
  <Achievement Name="Achievement_Name_Level_Cap" ID="128" BonusPrize="1" />
  <Achievement Name="Achievement_Name_Win_After_Shock" ID="129" BonusPrize="1" />
  <Achievement Name="Achievement_Name_Win_After_Shock_Eclipse" ID="130" BonusPrize="1" />
  <Achievement Name="Achievement_Name_Monk" ID="131" BonusPrize="1" />
  <Achievement Name="Achievement_Name_Sentinel" ID="132" BonusPrize="1" />
</Achievements>