<?xml version='1.0' encoding='UTF-8'?>
<Localization>
  <Words>
    <Word Title="raidUpdateVersionMessage">Neue Version verfügbar. Wenn das Update im Appstore noch nicht erhältlich ist, wird es bald freigeschaltet. Bitte deinstalliere die App während dieses Zeitraums nicht. Danke für deine Geduld.</Word>
    <Word Title="PreClanChest">Glückskiste</Word>	
    <Word Title="descPreClanChest">{image0}{1}  {image2}{3}  {image4}{5}
Chance auf einen Gewinn von 10, 50, 300 {image6}</Word>		
  </Words>
</Localization>