<?xml version='1.0' encoding='UTF-8'?>
<Localization>
  <Words>
    <Word Title="raidUpdateVersionMessage">新バージョンが登場しました。まだストアでアップデートが見えない場合、まもなくダウンロード可能になります。この期間中にアプリをアンインストールしないでください。ご協力ありがとうございます。</Word>
    <Word Title="descPreClanChest">{image0}{1}{image2}{3}{image4}{5}     
 10, 50, 300{image6}  
 を獲得できるチャンス</Word>	
    <Word Title="PreClanChest">幸運の宝箱</Word>	

  </Words>
</Localization>