<?xml version='1.0' encoding='UTF-8'?>
<Localization>
  <Words>
    <Word Title="raidUpdateVersionMessage">Nova versão disponível. Se a atualização ainda não estiver disponível na loja, ela será liberada em breve. Por favor, não desinstale o aplicativo durante este período. Obrigado pela paciência.</Word>
    <Word Title="descPreClanChest">{image0}{1}  {image2}{3}  {image4}{5}
Chances de ganhar      
     10, 50, 300 {image6}</Word>
    <Word Title="PreClanChest">Baú da Sorte</Word>		 
  </Words>
</Localization>