<?xml version='1.0' encoding='UTF-8'?>
<Localization>
  <Words>
    <Word Title="raidUpdateVersionMessage">Nueva versión disponible. Si la actualización no está disponible aún en la tienda, se desbloqueará en breve. Por favor, no desinstales la aplicación mientras tanto. Gracias por tu paciencia.</Word>
    <Word Title="descPreClanChest">{image0}{1}  {image2}{3}  {image4}{5}
Posibilidad de ganar      
     10, 50, 300 {image6}</Word>
    <Word Title="PreClanChest">Cofre afortunado</Word>		 
  </Words>
</Localization>